客户编号,线索日期,项目,城市,区域,置业顾问,获客渠道,客户等级,到访日期,认购日期,签约日期,户型,成交金额,回款金额
C0389,2025-01-01,云栖澜庭,杭州,余杭,顾问02,短视频平台,C,2025-01-02,2025-01-16,2025-01-27,三房,1926000,1926000
C0031,2025-01-06,云栖澜庭,杭州,余杭,顾问01,渠道中介,B,2025-01-08,2025-01-12,2025-01-26,两房,1826000,747000
C0171,2025-01-06,云栖澜庭,杭州,余杭,顾问02,搜索广告,B,,,,三房,,
C0270,2025-01-08,钱塘云筑,杭州,钱塘,顾问08,老带新,B,,,,四房,,
C0092,2025-01-11,滨江悦府,杭州,滨江,顾问06,搜索广告,C,2025-01-13,,,三房,,
C0163,2025-01-11,钱塘云筑,杭州,钱塘,顾问08,自然到访,C,2025-01-17,2025-01-21,2025-02-05,三房,1864000,
C0013,2025-01-13,湘湖映月,杭州,萧山,顾问11,短视频平台,B,,,,四房,,
C0140,2025-01-15,湘湖映月,杭州,萧山,顾问10,短视频平台,C,2025-01-15,2025-01-18,,三房,,
C0435,2025-01-15,钱塘云筑,杭州,钱塘,顾问08,短视频平台,A,,,,三房,,
C0043,2025-01-16,云栖澜庭,杭州,余杭,顾问03,房产平台,C,2025-01-22,,,三房,,
C0253,2025-01-16,云栖澜庭,杭州,余杭,顾问03,搜索广告,B,,,,三房,,
C0212,2025-01-18,钱塘云筑,杭州,钱塘,顾问08,短视频平台,B,,,,三房,,
C0260,2025-01-18,云栖澜庭,杭州,余杭,顾问01,房产平台,A,2025-01-20,2025-01-31,2025-02-12,四房,1817000,637000
C0506,2025-01-19,钱塘云筑,杭州,钱塘,顾问07,短视频平台,A,,,,三房,,
C0411,2025-01-24,钱塘云筑,杭州,钱塘,顾问08,自然到访,B,2025-01-27,,,两房,,
C0204,2025-01-25,钱塘云筑,杭州,钱塘,顾问08,渠道中介,A,2025-02-01,2025-02-10,,三房,,
C0487,2025-01-25,滨江悦府,杭州,滨江,顾问06,短视频平台,A,2025-02-01,,,四房,,
C0420,2025-01-26,钱塘云筑,杭州,钱塘,顾问07,房产平台,A,2025-02-02,2025-02-07,2025-02-24,三房,2356000,1017000
C0214,2025-01-30,湘湖映月,杭州,萧山,顾问12,短视频平台,C,,,,四房,,
C0271,2025-01-30,云栖澜庭,杭州,余杭,顾问02,搜索广告,A,2025-01-31,2025-02-11,2025-02-22,改善四房,2990000,2228000
C0424,2025-01-30,滨江悦府,杭州,滨江,顾问05,房产平台,A,2025-01-31,2025-02-06,2025-02-14,四房,4340000,2168000
C0320,2025-01-31,湘湖映月,杭州,萧山,顾问11,老带新,A,2025-01-31,2025-02-05,2025-02-18,三房,3003000,946000
C0318,2025-02-02,钱塘云筑,杭州,钱塘,顾问09,老带新,B,,,,两房,,
C0080,2025-02-09,滨江悦府,杭州,滨江,顾问04,短视频平台,A,,,,三房,,
C0275,2025-02-10,云栖澜庭,杭州,余杭,顾问02,短视频平台,A,,,,改善四房,,
C0452,2025-02-12,云栖澜庭,杭州,余杭,顾问03,短视频平台,B,,,,四房,,
C0504,2025-02-12,湘湖映月,杭州,萧山,顾问12,短视频平台,B,,,,两房,,
C0387,2025-02-13,湘湖映月,杭州,萧山,顾问10,渠道中介,B,,,,四房,,
C0229,2025-02-14,滨江悦府,杭州,滨江,顾问04,短视频平台,A,,,,两房,,
C0145,2025-02-15,云栖澜庭,杭州,余杭,顾问01,房产平台,A,2025-02-17,2025-02-25,2025-03-07,两房,2754000,2754000
C0198,2025-02-15,湘湖映月,杭州,萧山,顾问10,渠道中介,A,2025-02-22,,,四房,,
C0472,2025-02-15,云栖澜庭,杭州,余杭,顾问02,房产平台,B,2025-02-17,2025-03-04,,改善四房,,
C0192,2025-02-16,钱塘云筑,杭州,钱塘,顾问08,搜索广告,C,,,,两房,,
C0079,2025-02-17,钱塘云筑,杭州,钱塘,顾问07,房产平台,C,2025-02-19,,,四房,,
C0336,2025-02-17,云栖澜庭,杭州,余杭,顾问03,短视频平台,A,,,,三房,,
C0268,2025-02-19,云栖澜庭,杭州,余杭,顾问03,搜索广告,C,2025-02-19,2025-02-28,,四房,,
C0082,2025-02-20,滨江悦府,杭州,滨江,顾问06,搜索广告,C,,,,四房,,
C0443,2025-02-21,钱塘云筑,杭州,钱塘,顾问08,搜索广告,B,2025-02-21,2025-03-03,,两房,,
C0468,2025-02-23,钱塘云筑,杭州,钱塘,顾问08,短视频平台,A,2025-02-26,,,两房,,
C0301,2025-02-24,钱塘云筑,杭州,钱塘,顾问07,房产平台,C,,,,三房,,
C0206,2025-02-26,湘湖映月,杭州,萧山,顾问10,自然到访,B,,,,两房,,
C0070,2025-02-27,滨江悦府,杭州,滨江,顾问06,渠道中介,C,2025-03-04,,,三房,,
C0284,2025-02-28,钱塘云筑,杭州,钱塘,顾问08,渠道中介,A,2025-03-03,2025-03-18,,三房,,
C0141,2025-03-01,钱塘云筑,杭州,钱塘,顾问09,房产平台,B,2025-03-06,2025-03-10,,三房,,
C0465,2025-03-01,云栖澜庭,杭州,余杭,顾问01,短视频平台,A,,,,四房,,
C0091,2025-03-02,滨江悦府,杭州,滨江,顾问05,房产平台,A,2025-03-05,2025-03-16,2025-04-03,两房,4238000,4238000
C0489,2025-03-02,钱塘云筑,杭州,钱塘,顾问09,搜索广告,B,,,,两房,,
C0001,2025-03-06,钱塘云筑,杭州,钱塘,顾问08,房产平台,B,2025-03-13,,,三房,,
C0501,2025-03-06,滨江悦府,杭州,滨江,顾问04,短视频平台,C,,,,两房,,
C0200,2025-03-07,钱塘云筑,杭州,钱塘,顾问09,渠道中介,B,,,,三房,,
C0103,2025-03-08,湘湖映月,杭州,萧山,顾问12,老带新,C,2025-03-15,2025-03-27,2025-04-08,四房,2285000,705000
C0023,2025-03-09,云栖澜庭,杭州,余杭,顾问01,自然到访,B,,,,两房,,
C0357,2025-03-10,云栖澜庭,杭州,余杭,顾问01,搜索广告,B,,,,四房,,
C0405,2025-03-11,云栖澜庭,杭州,余杭,顾问02,短视频平台,C,2025-03-11,,,三房,,
C0014,2025-03-13,滨江悦府,杭州,滨江,顾问04,搜索广告,C,,,,四房,,
C0042,2025-03-13,滨江悦府,杭州,滨江,顾问04,短视频平台,B,,,,四房,,
C0044,2025-03-13,云栖澜庭,杭州,余杭,顾问03,渠道中介,C,,,,四房,,
C0084,2025-03-13,云栖澜庭,杭州,余杭,顾问01,短视频平台,C,,,,四房,,
C0197,2025-03-13,钱塘云筑,杭州,钱塘,顾问09,短视频平台,C,,,,三房,,
C0461,2025-03-17,湘湖映月,杭州,萧山,顾问11,短视频平台,B,,,,两房,,
C0050,2025-03-18,钱塘云筑,杭州,钱塘,顾问07,房产平台,C,2025-03-25,,,三房,,
C0517,2025-03-20,滨江悦府,杭州,滨江,顾问04,搜索广告,A,2025-03-26,2025-04-07,2025-04-12,两房,3902000,3035000
C0498,2025-03-21,湘湖映月,杭州,萧山,顾问10,搜索广告,B,2025-03-27,2025-03-31,,改善四房,,
C0274,2025-03-24,云栖澜庭,杭州,余杭,顾问02,短视频平台,B,,,,四房,,
C0075,2025-03-25,湘湖映月,杭州,萧山,顾问10,房产平台,C,2025-03-28,2025-04-03,,三房,,
C0147,2025-03-27,湘湖映月,杭州,萧山,顾问11,房产平台,B,,,,改善四房,,
C0440,2025-03-27,云栖澜庭,杭州,余杭,顾问01,短视频平台,C,,,,两房,,
C0208,2025-03-28,钱塘云筑,杭州,钱塘,顾问08,短视频平台,A,2025-03-30,2025-04-12,,改善四房,,
C0272,2025-03-30,云栖澜庭,杭州,余杭,顾问03,自然到访,C,2025-04-02,,,两房,,
C0337,2025-03-30,滨江悦府,杭州,滨江,顾问04,房产平台,A,2025-04-04,2025-04-12,2025-05-02,三房,3949000,3949000
C0168,2025-04-03,云栖澜庭,杭州,余杭,顾问02,短视频平台,B,,,,两房,,
C0317,2025-04-04,云栖澜庭,杭州,余杭,顾问02,老带新,A,2025-04-07,2025-04-12,2025-04-28,两房,2698000,1164000
C0034,2025-04-06,钱塘云筑,杭州,钱塘,顾问08,渠道中介,C,,,,四房,,
C0191,2025-04-06,滨江悦府,杭州,滨江,顾问06,短视频平台,C,,,,四房,,
C0429,2025-04-06,钱塘云筑,杭州,钱塘,顾问08,老带新,A,2025-04-09,2025-04-13,,三房,,
C0150,2025-04-07,云栖澜庭,杭州,余杭,顾问02,短视频平台,B,,,,三房,,
C0296,2025-04-07,钱塘云筑,杭州,钱塘,顾问07,房产平台,A,2025-04-10,2025-04-18,,三房,,
C0025,2025-04-11,钱塘云筑,杭州,钱塘,顾问07,搜索广告,A,,,,四房,,
C0071,2025-04-11,钱塘云筑,杭州,钱塘,顾问08,短视频平台,B,,,,四房,,
C0158,2025-04-11,钱塘云筑,杭州,钱塘,顾问08,短视频平台,C,,,,两房,,
C0406,2025-04-12,钱塘云筑,杭州,钱塘,顾问07,自然到访,B,2025-04-15,2025-04-21,2025-05-04,三房,1712000,1712000
C0007,2025-04-14,滨江悦府,杭州,滨江,顾问05,自然到访,C,,,,三房,,
C0061,2025-04-14,钱塘云筑,杭州,钱塘,顾问08,短视频平台,A,,,,两房,,
C0184,2025-04-15,钱塘云筑,杭州,钱塘,顾问09,渠道中介,B,,,,三房,,
C0293,2025-04-16,云栖澜庭,杭州,余杭,顾问02,房产平台,C,2025-04-20,,,三房,,
C0398,2025-04-16,湘湖映月,杭州,萧山,顾问11,短视频平台,B,,,,三房,,
C0054,2025-04-17,滨江悦府,杭州,滨江,顾问05,自然到访,B,2025-04-24,2025-05-09,2025-05-19,改善四房,4290000,710000
C0428,2025-04-17,云栖澜庭,杭州,余杭,顾问02,短视频平台,B,2025-04-21,2025-05-04,,四房,,
C0104,2025-04-18,滨江悦府,杭州,滨江,顾问04,短视频平台,C,2025-04-21,,,四房,,
C0482,2025-04-21,湘湖映月,杭州,萧山,顾问10,搜索广告,B,2025-04-25,2025-04-29,2025-05-08,四房,3022000,1769000
C0040,2025-04-22,钱塘云筑,杭州,钱塘,顾问09,搜索广告,A,2025-04-23,2025-05-07,2025-05-13,两房,2469000,1569000
C0514,2025-04-23,云栖澜庭,杭州,余杭,顾问03,渠道中介,B,2025-04-29,2025-05-04,2025-05-10,三房,2779000,864000
C0132,2025-04-24,湘湖映月,杭州,萧山,顾问11,短视频平台,B,,,,改善四房,,
C0462,2025-04-26,滨江悦府,杭州,滨江,顾问04,短视频平台,A,2025-04-30,,,改善四房,,
C0256,2025-04-27,滨江悦府,杭州,滨江,顾问06,短视频平台,C,2025-04-28,,,三房,,
C0471,2025-04-27,滨江悦府,杭州,滨江,顾问05,自然到访,A,2025-04-30,2025-05-13,2025-05-23,改善四房,4116000,2326000
C0008,2025-04-28,云栖澜庭,杭州,余杭,顾问01,搜索广告,C,2025-05-02,2025-05-10,2025-05-19,三房,2066000,562000
C0154,2025-04-28,钱塘云筑,杭州,钱塘,顾问07,渠道中介,B,2025-05-02,,,四房,,
C0390,2025-04-28,钱塘云筑,杭州,钱塘,顾问08,短视频平台,A,2025-04-30,2025-05-14,,三房,,
C0497,2025-04-30,滨江悦府,杭州,滨江,顾问05,房产平台,B,2025-05-05,,,改善四房,,
C0057,2025-05-01,湘湖映月,杭州,萧山,顾问11,房产平台,C,2025-05-03,,,三房,,
C0281,2025-05-01,湘湖映月,杭州,萧山,顾问12,自然到访,C,,,,三房,,
C0450,2025-05-01,云栖澜庭,杭州,余杭,顾问02,老带新,C,2025-05-04,,,四房,,
C0172,2025-05-02,云栖澜庭,杭州,余杭,顾问03,老带新,A,2025-05-05,2025-05-11,2025-05-30,三房,2773000,1154000
C0485,2025-05-03,滨江悦府,杭州,滨江,顾问06,渠道中介,B,,,,改善四房,,
C0108,2025-05-04,滨江悦府,杭州,滨江,顾问06,房产平台,C,2025-05-04,,,两房,,
C0319,2025-05-05,滨江悦府,杭州,滨江,顾问04,搜索广告,B,2025-05-09,2025-05-13,2025-05-28,四房,4213000,
C0266,2025-05-06,云栖澜庭,杭州,余杭,顾问01,搜索广告,B,2025-05-09,2025-05-23,,四房,,
C0391,2025-05-06,钱塘云筑,杭州,钱塘,顾问09,搜索广告,B,2025-05-06,,,三房,,
C0128,2025-05-08,滨江悦府,杭州,滨江,顾问05,老带新,C,2025-05-13,2025-05-23,2025-06-06,改善四房,3409000,1960000
C0341,2025-05-09,钱塘云筑,杭州,钱塘,顾问07,自然到访,B,2025-05-09,2025-05-16,,改善四房,,
C0051,2025-05-11,滨江悦府,杭州,滨江,顾问06,短视频平台,A,,,,三房,,
C0228,2025-05-11,云栖澜庭,杭州,余杭,顾问02,短视频平台,C,,,,改善四房,,
C0304,2025-05-11,云栖澜庭,杭州,余杭,顾问03,短视频平台,A,2025-05-12,,,三房,,
C0138,2025-05-12,云栖澜庭,杭州,余杭,顾问02,渠道中介,C,,,,四房,,
C0059,2025-05-14,钱塘云筑,杭州,钱塘,顾问09,短视频平台,C,2025-05-19,,,三房,,
C0046,2025-05-15,钱塘云筑,杭州,钱塘,顾问08,房产平台,B,,,,三房,,
C0367,2025-05-15,钱塘云筑,杭州,钱塘,顾问07,短视频平台,C,2025-05-17,,,两房,,
C0399,2025-05-15,湘湖映月,杭州,萧山,顾问10,搜索广告,C,,,,三房,,
C0236,2025-05-18,云栖澜庭,杭州,余杭,顾问02,短视频平台,B,,,,四房,,
C0368,2025-05-20,钱塘云筑,杭州,钱塘,顾问07,短视频平台,C,,,,四房,,
C0433,2025-05-20,钱塘云筑,杭州,钱塘,顾问09,自然到访,B,2025-05-20,2025-05-25,,改善四房,,
C0359,2025-05-21,滨江悦府,杭州,滨江,顾问04,房产平台,B,,,,改善四房,,
C0146,2025-05-23,滨江悦府,杭州,滨江,顾问05,渠道中介,A,2025-05-30,2025-06-02,2025-06-07,四房,4202000,912000
C0294,2025-05-23,云栖澜庭,杭州,余杭,顾问01,搜索广告,C,,,,改善四房,,
C0335,2025-05-23,钱塘云筑,杭州,钱塘,顾问08,搜索广告,B,2025-05-25,2025-05-29,2025-06-12,两房,1929000,1253000
C0378,2025-05-25,云栖澜庭,杭州,余杭,顾问01,房产平台,C,2025-05-25,,,三房,,
C0058,2025-05-28,云栖澜庭,杭州,余杭,顾问03,渠道中介,C,2025-06-03,2025-06-08,2025-06-19,三房,3130000,3130000
C0159,2025-05-28,滨江悦府,杭州,滨江,顾问05,老带新,B,2025-06-03,2025-06-15,2025-06-21,三房,4730000,2180000
C0430,2025-05-29,滨江悦府,杭州,滨江,顾问06,短视频平台,C,2025-06-05,,,改善四房,,
C0237,2025-05-31,滨江悦府,杭州,滨江,顾问06,短视频平台,B,,,,四房,,
C0240,2025-05-31,云栖澜庭,杭州,余杭,顾问01,搜索广告,B,2025-06-02,2025-06-16,,两房,,
C0077,2025-06-01,钱塘云筑,杭州,钱塘,顾问09,短视频平台,C,,,,四房,,
C0002,2025-06-02,钱塘云筑,杭州,钱塘,顾问08,房产平台,B,2025-06-09,2025-06-13,,三房,,
C0370,2025-06-05,滨江悦府,杭州,滨江,顾问06,老带新,B,2025-06-06,,,四房,,
C0055,2025-06-06,钱塘云筑,杭州,钱塘,顾问07,搜索广告,B,,,,三房,,
C0254,2025-06-11,云栖澜庭,杭州,余杭,顾问01,搜索广告,A,2025-06-11,,,四房,,
C0176,2025-06-12,钱塘云筑,杭州,钱塘,顾问08,房产平台,B,2025-06-17,2025-07-02,,三房,,
C0299,2025-06-12,滨江悦府,杭州,滨江,顾问06,渠道中介,C,,,,四房,,
C0161,2025-06-13,湘湖映月,杭州,萧山,顾问11,自然到访,A,2025-06-17,2025-06-29,2025-07-11,四房,3253000,3253000
C0444,2025-06-13,云栖澜庭,杭州,余杭,顾问01,短视频平台,C,2025-06-13,2025-06-24,,三房,,
C0174,2025-06-15,湘湖映月,杭州,萧山,顾问11,搜索广告,C,,,,两房,,
C0439,2025-06-15,滨江悦府,杭州,滨江,顾问06,房产平台,B,,,,四房,,
C0364,2025-06-16,钱塘云筑,杭州,钱塘,顾问08,搜索广告,B,,,,三房,,
C0473,2025-06-16,滨江悦府,杭州,滨江,顾问04,短视频平台,C,2025-06-17,2025-06-20,,改善四房,,
C0297,2025-06-17,云栖澜庭,杭州,余杭,顾问03,短视频平台,B,,,,三房,,
C0346,2025-06-19,滨江悦府,杭州,滨江,顾问04,搜索广告,C,2025-06-26,2025-07-08,2025-07-19,两房,3049000,
C0227,2025-06-20,滨江悦府,杭州,滨江,顾问04,短视频平台,C,,,,改善四房,,
C0334,2025-06-22,湘湖映月,杭州,萧山,顾问10,搜索广告,C,2025-06-29,,,四房,,
C0379,2025-06-22,钱塘云筑,杭州,钱塘,顾问09,短视频平台,B,2025-06-28,2025-07-12,,三房,,
C0022,2025-06-23,云栖澜庭,杭州,余杭,顾问01,房产平台,B,2025-06-29,,,改善四房,,
C0222,2025-06-23,钱塘云筑,杭州,钱塘,顾问07,搜索广告,C,2025-06-24,,,三房,,
C0072,2025-06-24,云栖澜庭,杭州,余杭,顾问03,自然到访,A,2025-06-26,2025-07-03,,三房,,
C0083,2025-06-25,湘湖映月,杭州,萧山,顾问11,短视频平台,C,,,,三房,,
C0483,2025-06-25,云栖澜庭,杭州,余杭,顾问02,短视频平台,B,,,,两房,,
C0032,2025-06-27,钱塘云筑,杭州,钱塘,顾问07,老带新,B,2025-06-27,,,三房,,
C0279,2025-06-28,湘湖映月,杭州,萧山,顾问12,房产平台,B,,,,四房,,
C0037,2025-06-29,滨江悦府,杭州,滨江,顾问04,渠道中介,C,2025-07-02,2025-07-09,,三房,,
C0188,2025-06-29,云栖澜庭,杭州,余杭,顾问01,短视频平台,B,,,,两房,,
C0259,2025-06-30,云栖澜庭,杭州,余杭,顾问01,短视频平台,B,,,,三房,,
C0287,2025-06-30,钱塘云筑,杭州,钱塘,顾问07,搜索广告,C,2025-07-02,,,三房,,
C0307,2025-07-01,滨江悦府,杭州,滨江,顾问06,房产平台,C,2025-07-04,,,三房,,
C0329,2025-07-01,湘湖映月,杭州,萧山,顾问10,自然到访,C,,,,改善四房,,
C0348,2025-07-02,滨江悦府,杭州,滨江,顾问06,自然到访,C,2025-07-03,,,四房,,
C0170,2025-07-03,云栖澜庭,杭州,余杭,顾问03,搜索广告,B,,,,三房,,
C0437,2025-07-03,云栖澜庭,杭州,余杭,顾问01,房产平台,B,2025-07-04,2025-07-16,2025-07-26,两房,2164000,2164000
C0009,2025-07-04,云栖澜庭,杭州,余杭,顾问02,老带新,B,2025-07-04,,,四房,,
C0303,2025-07-08,云栖澜庭,杭州,余杭,顾问02,搜索广告,B,2025-07-12,,,三房,,
C0500,2025-07-08,滨江悦府,杭州,滨江,顾问06,搜索广告,B,,,,改善四房,,
C0017,2025-07-09,滨江悦府,杭州,滨江,顾问06,自然到访,C,2025-07-12,,,改善四房,,
C0115,2025-07-10,滨江悦府,杭州,滨江,顾问04,短视频平台,B,2025-07-14,,,两房,,
C0167,2025-07-10,云栖澜庭,杭州,余杭,顾问03,房产平台,B,2025-07-15,,,三房,,
C0327,2025-07-10,云栖澜庭,杭州,余杭,顾问01,短视频平台,C,2025-07-10,2025-07-15,2025-07-29,两房,2496000,1405000
C0360,2025-07-12,滨江悦府,杭州,滨江,顾问05,搜索广告,B,2025-07-12,2025-07-16,2025-08-01,三房,4887000,3457000
C0347,2025-07-13,滨江悦府,杭州,滨江,顾问06,房产平台,B,,,,改善四房,,
C0230,2025-07-16,钱塘云筑,杭州,钱塘,顾问09,短视频平台,B,2025-07-17,,,两房,,
C0244,2025-07-18,滨江悦府,杭州,滨江,顾问06,短视频平台,B,,,,两房,,
C0203,2025-07-19,滨江悦府,杭州,滨江,顾问04,搜索广告,B,,,,三房,,
C0100,2025-07-21,湘湖映月,杭州,萧山,顾问10,搜索广告,A,,,,四房,,
C0183,2025-07-21,滨江悦府,杭州,滨江,顾问06,房产平台,C,2025-07-23,2025-08-02,,改善四房,,
C0276,2025-07-21,钱塘云筑,杭州,钱塘,顾问09,短视频平台,C,,,,三房,,
C0519,2025-07-22,钱塘云筑,杭州,钱塘,顾问07,自然到访,C,,,,改善四房,,
C0316,2025-07-23,钱塘云筑,杭州,钱塘,顾问07,房产平台,A,2025-07-30,2025-08-11,,三房,,
C0217,2025-07-26,云栖澜庭,杭州,余杭,顾问01,房产平台,B,2025-07-31,,,三房,,
C0175,2025-07-27,钱塘云筑,杭州,钱塘,顾问08,自然到访,C,2025-07-27,,,两房,,
C0257,2025-07-27,钱塘云筑,杭州,钱塘,顾问07,老带新,B,2025-07-31,2025-08-04,2025-08-19,两房,2414000,1124000
C0300,2025-07-28,湘湖映月,杭州,萧山,顾问10,短视频平台,C,,,,改善四房,,
C0418,2025-07-29,钱塘云筑,杭州,钱塘,顾问09,自然到访,B,2025-08-05,2025-08-13,2025-08-31,两房,1703000,667000
C0314,2025-08-01,湘湖映月,杭州,萧山,顾问12,房产平台,A,2025-08-03,2025-08-15,2025-09-01,三房,3541000,3541000
C0033,2025-08-02,滨江悦府,杭州,滨江,顾问04,短视频平台,B,,,,四房,,
C0277,2025-08-02,湘湖映月,杭州,萧山,顾问11,短视频平台,A,,,,四房,,
C0028,2025-08-06,滨江悦府,杭州,滨江,顾问04,老带新,C,2025-08-08,2025-08-18,,三房,,
C0315,2025-08-06,钱塘云筑,杭州,钱塘,顾问07,渠道中介,A,,,,两房,,
C0354,2025-08-06,湘湖映月,杭州,萧山,顾问11,自然到访,B,,,,两房,,
C0380,2025-08-10,滨江悦府,杭州,滨江,顾问05,短视频平台,A,,,,三房,,
C0466,2025-08-10,滨江悦府,杭州,滨江,顾问05,房产平台,C,2025-08-17,,,三房,,
C0060,2025-08-13,湘湖映月,杭州,萧山,顾问11,老带新,B,2025-08-19,,,四房,,
C0515,2025-08-13,滨江悦府,杭州,滨江,顾问05,短视频平台,B,,,,改善四房,,
C0142,2025-08-14,湘湖映月,杭州,萧山,顾问11,老带新,C,2025-08-15,,,四房,,
C0073,2025-08-19,钱塘云筑,杭州,钱塘,顾问09,短视频平台,C,,,,三房,,
C0352,2025-08-19,滨江悦府,杭州,滨江,顾问06,房产平台,B,2025-08-19,2025-08-22,2025-09-01,改善四房,3151000,
C0151,2025-08-20,钱塘云筑,杭州,钱塘,顾问08,渠道中介,A,2025-08-21,,,三房,,
C0187,2025-08-21,湘湖映月,杭州,萧山,顾问12,短视频平台,C,,,,四房,,
C0157,2025-08-22,钱塘云筑,杭州,钱塘,顾问08,短视频平台,C,2025-08-23,,,三房,,
C0516,2025-08-22,滨江悦府,杭州,滨江,顾问05,老带新,B,2025-08-26,2025-08-31,2025-09-18,四房,3994000,886000
C0038,2025-08-23,云栖澜庭,杭州,余杭,顾问01,短视频平台,C,2025-08-29,2025-09-11,,三房,,
C0105,2025-08-23,钱塘云筑,杭州,钱塘,顾问09,渠道中介,C,2025-08-25,,,三房,,
C0361,2025-08-24,钱塘云筑,杭州,钱塘,顾问08,老带新,B,,,,三房,,
C0408,2025-08-24,钱塘云筑,杭州,钱塘,顾问09,短视频平台,A,2025-08-27,,,两房,,
C0216,2025-08-25,云栖澜庭,杭州,余杭,顾问02,老带新,C,,,,改善四房,,
C0223,2025-08-25,云栖澜庭,杭州,余杭,顾问03,房产平台,C,,,,改善四房,,
C0166,2025-08-26,云栖澜庭,杭州,余杭,顾问01,房产平台,B,2025-08-31,2025-09-04,2025-09-12,改善四房,2908000,2908000
C0342,2025-08-26,钱塘云筑,杭州,钱塘,顾问07,短视频平台,C,2025-08-30,2025-09-13,2025-09-21,四房,2686000,944000
C0441,2025-08-27,滨江悦府,杭州,滨江,顾问04,房产平台,A,2025-08-29,,,三房,,
C0149,2025-08-28,滨江悦府,杭州,滨江,顾问06,短视频平台,B,,,,改善四房,,
C0258,2025-08-29,滨江悦府,杭州,滨江,顾问06,房产平台,C,2025-09-01,2025-09-13,,两房,,
C0102,2025-08-31,云栖澜庭,杭州,余杭,顾问02,短视频平台,C,,,,三房,,
C0165,2025-09-01,滨江悦府,杭州,滨江,顾问06,短视频平台,B,,,,三房,,
C0321,2025-09-02,滨江悦府,杭州,滨江,顾问06,搜索广告,C,2025-09-05,2025-09-20,,四房,,
C0004,2025-09-04,云栖澜庭,杭州,余杭,顾问02,搜索广告,C,2025-09-05,,,两房,,
C0382,2025-09-04,钱塘云筑,杭州,钱塘,顾问08,搜索广告,A,2025-09-04,2025-09-12,2025-09-29,改善四房,1649000,254000
C0119,2025-09-05,滨江悦府,杭州,滨江,顾问06,搜索广告,B,,,,四房,,
C0148,2025-09-06,钱塘云筑,杭州,钱塘,顾问08,搜索广告,B,2025-09-06,,,两房,,
C0282,2025-09-08,钱塘云筑,杭州,钱塘,顾问09,自然到访,A,,,,两房,,
C0402,2025-09-08,钱塘云筑,杭州,钱塘,顾问08,短视频平台,B,,,,四房,,
C0066,2025-09-09,云栖澜庭,杭州,余杭,顾问01,搜索广告,C,,,,四房,,
C0131,2025-09-09,钱塘云筑,杭州,钱塘,顾问07,自然到访,A,2025-09-13,2025-09-21,2025-10-10,三房,1950000,1836000
C0234,2025-09-12,云栖澜庭,杭州,余杭,顾问01,自然到访,C,2025-09-19,2025-10-04,,改善四房,,
C0425,2025-09-12,云栖澜庭,杭州,余杭,顾问02,渠道中介,B,,,,两房,,
C0224,2025-09-13,滨江悦府,杭州,滨江,顾问06,老带新,B,,,,改善四房,,
C0288,2025-09-13,钱塘云筑,杭州,钱塘,顾问08,短视频平台,B,2025-09-18,2025-09-29,2025-10-05,三房,2424000,1469000
C0309,2025-09-13,滨江悦府,杭州,滨江,顾问06,老带新,A,2025-09-14,2025-09-20,2025-09-30,四房,4283000,
C0401,2025-09-15,云栖澜庭,杭州,余杭,顾问03,搜索广告,B,,,,三房,,
C0086,2025-09-16,滨江悦府,杭州,滨江,顾问04,自然到访,A,2025-09-21,2025-09-25,,两房,,
C0344,2025-09-17,湘湖映月,杭州,萧山,顾问12,渠道中介,A,,,,三房,,
C0182,2025-09-18,钱塘云筑,杭州,钱塘,顾问08,自然到访,C,2025-09-20,2025-09-27,,两房,,
C0090,2025-09-19,滨江悦府,杭州,滨江,顾问06,短视频平台,B,,,,四房,,
C0310,2025-09-20,云栖澜庭,杭州,余杭,顾问02,短视频平台,A,2025-09-21,,,三房,,
C0386,2025-09-20,钱塘云筑,杭州,钱塘,顾问07,短视频平台,C,,,,四房,,
C0388,2025-09-20,钱塘云筑,杭州,钱塘,顾问09,短视频平台,C,,,,四房,,
C0432,2025-09-20,云栖澜庭,杭州,余杭,顾问01,房产平台,A,,,,三房,,
C0451,2025-09-20,云栖澜庭,杭州,余杭,顾问02,搜索广告,B,,,,三房,,
C0078,2025-09-22,钱塘云筑,杭州,钱塘,顾问09,搜索广告,C,,,,三房,,
C0356,2025-09-22,云栖澜庭,杭州,余杭,顾问03,房产平台,B,2025-09-28,,,四房,,
C0362,2025-09-22,云栖澜庭,杭州,余杭,顾问02,老带新,B,2025-09-29,2025-10-02,,四房,,
C0207,2025-09-23,湘湖映月,杭州,萧山,顾问10,自然到访,A,2025-09-27,,,四房,,
C0490,2025-09-24,云栖澜庭,杭州,余杭,顾问02,短视频平台,A,,,,改善四房,,
C0232,2025-09-25,湘湖映月,杭州,萧山,顾问10,搜索广告,A,2025-10-02,2025-10-09,,两房,,
C0400,2025-09-25,湘湖映月,杭州,萧山,顾问12,搜索广告,B,2025-09-29,,,三房,,
C0434,2025-09-25,云栖澜庭,杭州,余杭,顾问03,房产平台,A,2025-09-27,,,三房,,
C0027,2025-09-27,云栖澜庭,杭州,余杭,顾问03,渠道中介,A,2025-10-03,2025-10-14,,两房,,
C0338,2025-09-27,湘湖映月,杭州,萧山,顾问12,自然到访,C,2025-09-30,2025-10-03,,三房,,
C0474,2025-09-27,滨江悦府,杭州,滨江,顾问04,房产平台,B,2025-09-27,,,三房,,
C0210,2025-10-01,钱塘云筑,杭州,钱塘,顾问07,短视频平台,B,,,,改善四房,,
C0363,2025-10-01,云栖澜庭,杭州,余杭,顾问01,渠道中介,C,,,,两房,,
C0394,2025-10-02,钱塘云筑,杭州,钱塘,顾问08,短视频平台,A,,,,三房,,
C0491,2025-10-03,滨江悦府,杭州,滨江,顾问04,房产平台,C,2025-10-03,,,四房,,
C0453,2025-10-05,滨江悦府,杭州,滨江,顾问04,老带新,B,2025-10-08,2025-10-22,,三房,,
C0116,2025-10-06,云栖澜庭,杭州,余杭,顾问03,房产平台,B,2025-10-11,2025-10-16,2025-10-25,三房,2376000,2376000
C0290,2025-10-08,滨江悦府,杭州,滨江,顾问05,渠道中介,B,2025-10-11,,,三房,,
C0110,2025-10-09,钱塘云筑,杭州,钱塘,顾问09,自然到访,B,,,,两房,,
C0238,2025-10-09,湘湖映月,杭州,萧山,顾问12,自然到访,B,2025-10-15,2025-10-20,2025-11-04,改善四房,2210000,699000
C0261,2025-10-09,云栖澜庭,杭州,余杭,顾问01,自然到访,B,2025-10-11,,,三房,,
C0419,2025-10-09,云栖澜庭,杭州,余杭,顾问02,自然到访,C,2025-10-12,,,两房,,
C0220,2025-10-11,钱塘云筑,杭州,钱塘,顾问09,搜索广告,B,,,,四房,,
C0263,2025-10-11,湘湖映月,杭州,萧山,顾问12,自然到访,B,2025-10-15,2025-10-23,2025-10-31,三房,3371000,2218000
C0130,2025-10-12,钱塘云筑,杭州,钱塘,顾问09,房产平台,C,2025-10-13,2025-10-21,2025-10-28,四房,2076000,1584000
C0392,2025-10-12,滨江悦府,杭州,滨江,顾问06,短视频平台,C,,,,四房,,
C0098,2025-10-13,滨江悦府,杭州,滨江,顾问06,渠道中介,B,2025-10-16,2025-10-27,,两房,,
C0064,2025-10-15,钱塘云筑,杭州,钱塘,顾问07,搜索广告,B,2025-10-21,,,两房,,
C0065,2025-10-15,钱塘云筑,杭州,钱塘,顾问08,短视频平台,C,,,,三房,,
C0241,2025-10-15,滨江悦府,杭州,滨江,顾问04,自然到访,B,,,,两房,,
C0438,2025-10-16,钱塘云筑,杭州,钱塘,顾问09,渠道中介,C,,,,四房,,
C0003,2025-10-17,湘湖映月,杭州,萧山,顾问12,搜索广告,C,,,,三房,,
C0136,2025-10-17,滨江悦府,杭州,滨江,顾问06,房产平台,C,2025-10-19,,,三房,,
C0018,2025-10-18,滨江悦府,杭州,滨江,顾问04,老带新,C,,,,四房,,
C0124,2025-10-19,云栖澜庭,杭州,余杭,顾问01,老带新,B,2025-10-24,2025-11-04,2025-11-18,三房,2124000,2124000
C0218,2025-10-20,钱塘云筑,杭州,钱塘,顾问08,房产平台,C,2025-10-26,2025-11-01,,两房,,
C0505,2025-10-20,钱塘云筑,杭州,钱塘,顾问08,搜索广告,B,,,,三房,,
C0085,2025-10-21,云栖澜庭,杭州,余杭,顾问01,老带新,C,,,,三房,,
C0194,2025-10-21,滨江悦府,杭州,滨江,顾问05,自然到访,C,,,,三房,,
C0295,2025-10-21,湘湖映月,杭州,萧山,顾问10,渠道中介,B,,,,四房,,
C0068,2025-10-22,钱塘云筑,杭州,钱塘,顾问08,搜索广告,B,2025-10-23,,,三房,,
C0181,2025-10-22,湘湖映月,杭州,萧山,顾问11,房产平台,A,,,,四房,,
C0351,2025-10-22,滨江悦府,杭州,滨江,顾问04,搜索广告,B,,,,三房,,
C0464,2025-10-26,云栖澜庭,杭州,余杭,顾问01,短视频平台,C,,,,两房,,
C0039,2025-10-28,滨江悦府,杭州,滨江,顾问04,短视频平台,C,,,,改善四房,,
C0113,2025-10-28,钱塘云筑,杭州,钱塘,顾问08,短视频平台,B,,,,三房,,
C0235,2025-10-29,湘湖映月,杭州,萧山,顾问11,搜索广告,B,2025-11-04,2025-11-12,2025-11-18,两房,3186000,
C0305,2025-10-29,钱塘云筑,杭州,钱塘,顾问08,自然到访,B,2025-10-29,2025-11-01,,改善四房,,
C0062,2025-10-31,湘湖映月,杭州,萧山,顾问12,房产平台,C,2025-11-05,,,三房,,
C0264,2025-11-01,钱塘云筑,杭州,钱塘,顾问09,搜索广告,B,2025-11-02,,,三房,,
C0412,2025-11-02,钱塘云筑,杭州,钱塘,顾问08,自然到访,A,2025-11-02,,,三房,,
C0283,2025-11-04,滨江悦府,杭州,滨江,顾问06,自然到访,B,2025-11-05,2025-11-11,,改善四房,,
C0475,2025-11-04,云栖澜庭,杭州,余杭,顾问02,搜索广告,B,,,,两房,,
C0269,2025-11-05,云栖澜庭,杭州,余杭,顾问03,短视频平台,A,,,,三房,,
C0111,2025-11-06,云栖澜庭,杭州,余杭,顾问01,房产平台,C,,,,四房,,
C0010,2025-11-09,滨江悦府,杭州,滨江,顾问06,搜索广告,A,,,,三房,,
C0089,2025-11-09,钱塘云筑,杭州,钱塘,顾问07,搜索广告,C,,,,三房,,
C0350,2025-11-09,钱塘云筑,杭州,钱塘,顾问08,短视频平台,B,2025-11-15,2025-11-20,2025-11-30,三房,2797000,1188000
C0413,2025-11-09,钱塘云筑,杭州,钱塘,顾问08,短视频平台,B,,,,三房,,
C0484,2025-11-09,湘湖映月,杭州,萧山,顾问11,老带新,A,2025-11-16,2025-11-28,2025-12-18,两房,3325000,564000
C0520,2025-11-10,滨江悦府,杭州,滨江,顾问05,老带新,C,2025-11-17,2025-11-20,2025-11-29,改善四房,4953000,1493000
C0179,2025-11-11,云栖澜庭,杭州,余杭,顾问03,渠道中介,B,,,,三房,,
C0251,2025-11-11,云栖澜庭,杭州,余杭,顾问01,自然到访,B,2025-11-18,,,三房,,
C0508,2025-11-11,滨江悦府,杭州,滨江,顾问05,自然到访,C,,,,四房,,
C0446,2025-11-12,滨江悦府,杭州,滨江,顾问06,自然到访,B,,,,改善四房,,
C0134,2025-11-13,滨江悦府,杭州,滨江,顾问05,渠道中介,B,2025-11-15,2025-11-27,2025-12-09,四房,3574000,
C0143,2025-11-13,钱塘云筑,杭州,钱塘,顾问08,房产平台,C,2025-11-17,2025-11-23,,两房,,
C0460,2025-11-16,钱塘云筑,杭州,钱塘,顾问07,老带新,C,,,,三房,,
C0477,2025-11-17,湘湖映月,杭州,萧山,顾问12,老带新,B,2025-11-18,,,三房,,
C0458,2025-11-19,钱塘云筑,杭州,钱塘,顾问09,搜索广告,C,2025-11-25,,,三房,,
C0479,2025-11-19,滨江悦府,杭州,滨江,顾问04,搜索广告,B,,,,三房,,
C0186,2025-11-20,滨江悦府,杭州,滨江,顾问05,自然到访,A,2025-11-22,2025-12-07,2025-12-25,改善四房,4695000,3980000
C0101,2025-11-21,云栖澜庭,杭州,余杭,顾问03,房产平台,C,,,,四房,,
C0349,2025-11-21,滨江悦府,杭州,滨江,顾问06,老带新,A,2025-11-23,2025-11-27,2025-12-11,三房,3780000,3780000
C0423,2025-11-22,湘湖映月,杭州,萧山,顾问10,短视频平台,A,,,,改善四房,,
C0106,2025-11-23,钱塘云筑,杭州,钱塘,顾问08,搜索广告,C,,,,四房,,
C0358,2025-11-25,钱塘云筑,杭州,钱塘,顾问07,渠道中介,C,2025-11-30,,,改善四房,,
C0020,2025-11-26,云栖澜庭,杭州,余杭,顾问03,老带新,A,2025-11-27,2025-12-01,2025-12-16,两房,3197000,1684000
C0250,2025-11-28,云栖澜庭,杭州,余杭,顾问03,房产平台,B,2025-12-04,2025-12-11,2025-12-26,四房,2292000,2292000
C0242,2025-11-29,钱塘云筑,杭州,钱塘,顾问08,搜索广告,C,2025-12-05,,,三房,,
C0209,2025-11-30,钱塘云筑,杭州,钱塘,顾问09,短视频平台,B,2025-11-30,2025-12-09,,两房,,
C0049,2025-12-01,滨江悦府,杭州,滨江,顾问05,搜索广告,A,2025-12-03,2025-12-07,2025-12-12,两房,3461000,3461000
C0245,2025-12-02,钱塘云筑,杭州,钱塘,顾问08,自然到访,C,2025-12-05,2025-12-15,2025-12-28,三房,1634000,1634000
C0384,2025-12-02,云栖澜庭,杭州,余杭,顾问03,自然到访,C,2025-12-09,2025-12-19,2025-12-25,三房,2105000,1382000
C0247,2025-12-04,钱塘云筑,杭州,钱塘,顾问08,短视频平台,B,,,,三房,,
C0190,2025-12-05,钱塘云筑,杭州,钱塘,顾问07,自然到访,B,2025-12-09,2025-12-20,2026-01-08,两房,2488000,1853000
C0095,2025-12-06,钱塘云筑,杭州,钱塘,顾问08,房产平台,B,,,,四房,,
C0426,2025-12-07,云栖澜庭,杭州,余杭,顾问02,自然到访,B,2025-12-14,2025-12-28,,两房,,
C0427,2025-12-07,湘湖映月,杭州,萧山,顾问12,搜索广告,B,2025-12-10,,,三房,,
C0456,2025-12-07,云栖澜庭,杭州,余杭,顾问01,自然到访,B,2025-12-11,2025-12-23,,两房,,
C0478,2025-12-07,钱塘云筑,杭州,钱塘,顾问08,自然到访,B,2025-12-07,,,四房,,
C0052,2025-12-10,云栖澜庭,杭州,余杭,顾问02,自然到访,B,,,,四房,,
C0152,2025-12-11,滨江悦府,杭州,滨江,顾问06,搜索广告,B,2025-12-16,2025-12-26,2026-01-07,改善四房,3398000,
C0177,2025-12-11,钱塘云筑,杭州,钱塘,顾问08,短视频平台,C,,,,三房,,
C0454,2025-12-11,湘湖映月,杭州,萧山,顾问11,老带新,B,2025-12-13,2025-12-18,2026-01-05,三房,3736000,3409000
C0340,2025-12-13,湘湖映月,杭州,萧山,顾问12,老带新,B,2025-12-13,,,三房,,
C0345,2025-12-13,钱塘云筑,杭州,钱塘,顾问08,搜索广告,A,2025-12-14,2025-12-22,2026-01-01,四房,2581000,2413000
C0180,2025-12-14,云栖澜庭,杭州,余杭,顾问02,搜索广告,C,2025-12-17,,,三房,,
C0332,2025-12-18,钱塘云筑,杭州,钱塘,顾问08,渠道中介,C,,,,三房,,
C0366,2025-12-18,湘湖映月,杭州,萧山,顾问12,老带新,C,,,,三房,,
C0097,2025-12-19,湘湖映月,杭州,萧山,顾问12,渠道中介,B,2025-12-21,,,三房,,
C0047,2025-12-20,云栖澜庭,杭州,余杭,顾问02,短视频平台,C,,,,三房,,
C0069,2025-12-22,云栖澜庭,杭州,余杭,顾问02,自然到访,C,2025-12-22,,,两房,,
C0006,2025-12-25,钱塘云筑,杭州,钱塘,顾问08,搜索广告,B,,,,两房,,
C0129,2025-12-25,滨江悦府,杭州,滨江,顾问05,短视频平台,B,2025-12-30,,,三房,,
C0333,2025-12-28,湘湖映月,杭州,萧山,顾问12,渠道中介,B,2026-01-01,2026-01-11,2026-01-22,三房,2881000,2108000
C0417,2025-12-28,云栖澜庭,杭州,余杭,顾问02,短视频平台,B,,,,两房,,
C0343,2025-12-30,湘湖映月,杭州,萧山,顾问12,房产平台,B,,,,三房,,
C0189,2025-12-31,湘湖映月,杭州,萧山,顾问11,短视频平台,B,,,,三房,,
C0365,2026-01-02,云栖澜庭,杭州,余杭,顾问01,自然到访,A,2026-01-03,2026-01-06,2026-01-24,三房,3013000,1169000
C0463,2026-01-06,钱塘云筑,杭州,钱塘,顾问08,房产平台,B,2026-01-07,2026-01-17,,三房,,
C0249,2026-01-07,云栖澜庭,杭州,余杭,顾问01,自然到访,C,,,,两房,,
C0239,2026-01-08,湘湖映月,杭州,萧山,顾问11,短视频平台,C,,,,改善四房,,
C0121,2026-01-11,钱塘云筑,杭州,钱塘,顾问08,搜索广告,C,2026-01-16,,,四房,,
C0199,2026-01-11,滨江悦府,杭州,滨江,顾问04,短视频平台,B,,,,三房,,
C0219,2026-01-11,云栖澜庭,杭州,余杭,顾问03,搜索广告,A,2026-01-14,2026-01-26,2026-02-03,三房,2786000,1170000
C0416,2026-01-11,湘湖映月,杭州,萧山,顾问10,短视频平台,B,2026-01-16,,,四房,,
C0502,2026-01-11,湘湖映月,杭州,萧山,顾问11,短视频平台,C,,,,四房,,
C0053,2026-01-16,湘湖映月,杭州,萧山,顾问10,自然到访,B,2026-01-17,2026-01-26,2026-02-09,两房,2303000,819000
C0099,2026-01-18,云栖澜庭,杭州,余杭,顾问01,房产平台,C,2026-01-19,,,两房,,
C0326,2026-01-18,湘湖映月,杭州,萧山,顾问10,短视频平台,A,,,,三房,,
C0455,2026-01-19,云栖澜庭,杭州,余杭,顾问01,短视频平台,B,2026-01-19,,,四房,,
C0126,2026-01-22,钱塘云筑,杭州,钱塘,顾问09,老带新,C,,,,三房,,
C0385,2026-01-24,云栖澜庭,杭州,余杭,顾问02,短视频平台,B,,,,四房,,
C0377,2026-01-25,湘湖映月,杭州,萧山,顾问11,短视频平台,B,,,,三房,,
C0396,2026-01-26,云栖澜庭,杭州,余杭,顾问02,房产平台,A,2026-01-31,2026-02-14,2026-02-24,三房,2651000,1574000
C0447,2026-01-26,云栖澜庭,杭州,余杭,顾问03,老带新,B,2026-01-30,2026-02-13,2026-02-27,三房,2867000,611000
C0153,2026-01-27,云栖澜庭,杭州,余杭,顾问02,搜索广告,A,,,,三房,,
C0448,2026-01-27,钱塘云筑,杭州,钱塘,顾问08,自然到访,C,,,,三房,,
C0449,2026-01-27,云栖澜庭,杭州,余杭,顾问02,短视频平台,C,,,,改善四房,,
C0325,2026-01-28,湘湖映月,杭州,萧山,顾问10,搜索广告,B,2026-01-29,2026-02-01,2026-02-15,三房,2446000,538000
C0019,2026-01-30,滨江悦府,杭州,滨江,顾问05,房产平台,B,,,,三房,,
C0087,2026-01-30,钱塘云筑,杭州,钱塘,顾问07,短视频平台,A,,,,四房,,
C0093,2026-02-02,钱塘云筑,杭州,钱塘,顾问09,短视频平台,B,,,,两房,,
C0409,2026-02-05,云栖澜庭,杭州,余杭,顾问01,老带新,C,2026-02-07,2026-02-19,2026-02-27,四房,2919000,577000
C0255,2026-02-06,钱塘云筑,杭州,钱塘,顾问08,渠道中介,B,,,,两房,,
C0371,2026-02-06,湘湖映月,杭州,萧山,顾问11,房产平台,B,2026-02-09,2026-02-18,2026-03-06,两房,3490000,3490000
C0331,2026-02-07,钱塘云筑,杭州,钱塘,顾问08,老带新,B,2026-02-07,2026-02-12,2026-02-26,三房,2338000,1322000
C0442,2026-02-07,云栖澜庭,杭州,余杭,顾问01,房产平台,B,,,,两房,,
C0511,2026-02-09,钱塘云筑,杭州,钱塘,顾问07,老带新,A,2026-02-16,2026-02-24,,三房,,
C0480,2026-02-10,钱塘云筑,杭州,钱塘,顾问08,房产平台,C,,,,改善四房,,
C0285,2026-02-13,云栖澜庭,杭州,余杭,顾问03,短视频平台,A,,,,改善四房,,
C0397,2026-02-13,云栖澜庭,杭州,余杭,顾问03,短视频平台,B,2026-02-15,,,两房,,
C0036,2026-02-14,湘湖映月,杭州,萧山,顾问11,渠道中介,C,2026-02-21,2026-03-04,2026-03-21,四房,2665000,1798000
C0030,2026-02-15,滨江悦府,杭州,滨江,顾问05,渠道中介,C,2026-02-20,2026-03-07,,两房,,
C0243,2026-02-16,钱塘云筑,杭州,钱塘,顾问09,短视频平台,B,,,,四房,,
C0376,2026-02-21,滨江悦府,杭州,滨江,顾问04,搜索广告,C,2026-02-26,,,改善四房,,
C0160,2026-02-22,钱塘云筑,杭州,钱塘,顾问08,渠道中介,B,2026-02-24,,,三房,,
C0074,2026-02-23,云栖澜庭,杭州,余杭,顾问01,搜索广告,C,,,,三房,,
C0076,2026-02-25,滨江悦府,杭州,滨江,顾问04,短视频平台,B,,,,改善四房,,
C0518,2026-02-25,钱塘云筑,杭州,钱塘,顾问09,房产平台,B,,,,三房,,
C0056,2026-02-26,湘湖映月,杭州,萧山,顾问12,搜索广告,B,2026-03-01,2026-03-10,,改善四房,,
C0135,2026-02-26,钱塘云筑,杭州,钱塘,顾问08,搜索广告,A,2026-03-04,2026-03-16,2026-04-04,三房,2538000,1210000
C0324,2026-02-28,云栖澜庭,杭州,余杭,顾问02,短视频平台,B,,,,改善四房,,
C0493,2026-02-28,湘湖映月,杭州,萧山,顾问10,渠道中介,C,,,,改善四房,,
C0041,2026-03-01,钱塘云筑,杭州,钱塘,顾问08,老带新,B,2026-03-06,2026-03-21,,三房,,
C0201,2026-03-01,钱塘云筑,杭州,钱塘,顾问07,搜索广告,C,2026-03-05,,,三房,,
C0185,2026-03-05,钱塘云筑,杭州,钱塘,顾问09,渠道中介,B,2026-03-08,,,改善四房,,
C0246,2026-03-05,云栖澜庭,杭州,余杭,顾问03,短视频平台,B,,,,两房,,
C0094,2026-03-07,滨江悦府,杭州,滨江,顾问04,房产平台,B,2026-03-09,,,四房,,
C0381,2026-03-07,云栖澜庭,杭州,余杭,顾问02,渠道中介,B,,,,三房,,
C0403,2026-03-07,云栖澜庭,杭州,余杭,顾问02,渠道中介,B,2026-03-07,,,四房,,
C0195,2026-03-09,滨江悦府,杭州,滨江,顾问06,搜索广告,B,,,,四房,,
C0107,2026-03-13,钱塘云筑,杭州,钱塘,顾问09,短视频平台,B,,,,三房,,
C0117,2026-03-13,湘湖映月,杭州,萧山,顾问12,房产平台,B,2026-03-13,2026-03-21,,四房,,
C0292,2026-03-14,钱塘云筑,杭州,钱塘,顾问08,房产平台,A,2026-03-15,2026-03-18,2026-04-01,四房,2751000,
C0445,2026-03-14,云栖澜庭,杭州,余杭,顾问03,搜索广告,C,2026-03-17,,,三房,,
C0122,2026-03-16,云栖澜庭,杭州,余杭,顾问03,搜索广告,B,2026-03-23,,,三房,,
C0231,2026-03-17,云栖澜庭,杭州,余杭,顾问03,搜索广告,C,,,,两房,,
C0289,2026-03-18,湘湖映月,杭州,萧山,顾问11,搜索广告,C,2026-03-24,,,两房,,
C0414,2026-03-18,云栖澜庭,杭州,余杭,顾问02,渠道中介,C,2026-03-20,2026-04-01,,四房,,
C0372,2026-03-19,云栖澜庭,杭州,余杭,顾问02,渠道中介,B,,,,三房,,
C0221,2026-03-20,湘湖映月,杭州,萧山,顾问11,短视频平台,C,,,,两房,,
C0035,2026-03-22,滨江悦府,杭州,滨江,顾问06,短视频平台,C,,,,两房,,
C0114,2026-03-23,湘湖映月,杭州,萧山,顾问11,短视频平台,C,,,,两房,,
C0265,2026-03-23,云栖澜庭,杭州,余杭,顾问01,短视频平台,C,,,,三房,,
C0404,2026-03-23,滨江悦府,杭州,滨江,顾问06,房产平台,B,2026-03-27,,,三房,,
C0467,2026-03-23,云栖澜庭,杭州,余杭,顾问02,房产平台,B,,,,两房,,
C0311,2026-03-25,钱塘云筑,杭州,钱塘,顾问07,短视频平台,B,2026-03-26,,,四房,,
C0267,2026-03-26,滨江悦府,杭州,滨江,顾问05,短视频平台,C,,,,四房,,
C0353,2026-03-27,钱塘云筑,杭州,钱塘,顾问08,搜索广告,C,,,,四房,,
C0125,2026-03-28,钱塘云筑,杭州,钱塘,顾问08,自然到访,C,2026-03-28,,,三房,,
C0496,2026-03-31,钱塘云筑,杭州,钱塘,顾问08,房产平台,B,,,,四房,,
C0476,2026-04-01,云栖澜庭,杭州,余杭,顾问01,老带新,B,2026-04-06,,,改善四房,,
C0510,2026-04-02,钱塘云筑,杭州,钱塘,顾问08,老带新,C,,,,四房,,
C0421,2026-04-03,湘湖映月,杭州,萧山,顾问10,搜索广告,C,,,,四房,,
C0173,2026-04-04,湘湖映月,杭州,萧山,顾问12,短视频平台,A,,,,三房,,
C0144,2026-04-05,云栖澜庭,杭州,余杭,顾问03,渠道中介,C,,,,四房,,
C0457,2026-04-05,钱塘云筑,杭州,钱塘,顾问07,老带新,A,2026-04-08,,,三房,,
C0328,2026-04-06,滨江悦府,杭州,滨江,顾问04,搜索广告,B,,,,三房,,
C0322,2026-04-09,滨江悦府,杭州,滨江,顾问04,短视频平台,C,,,,三房,,
C0011,2026-04-10,湘湖映月,杭州,萧山,顾问10,短视频平台,B,,,,四房,,
C0026,2026-04-12,钱塘云筑,杭州,钱塘,顾问08,自然到访,A,2026-04-16,2026-05-01,2026-05-19,四房,2374000,2137000
C0123,2026-04-13,钱塘云筑,杭州,钱塘,顾问08,渠道中介,B,2026-04-16,2026-04-21,,两房,,
C0323,2026-04-13,钱塘云筑,杭州,钱塘,顾问08,房产平台,B,2026-04-19,,,改善四房,,
C0330,2026-04-13,云栖澜庭,杭州,余杭,顾问03,自然到访,C,2026-04-16,,,三房,,
C0029,2026-04-14,滨江悦府,杭州,滨江,顾问04,短视频平台,B,,,,两房,,
C0137,2026-04-14,湘湖映月,杭州,萧山,顾问10,渠道中介,B,,,,三房,,
C0273,2026-04-14,滨江悦府,杭州,滨江,顾问04,老带新,B,2026-04-18,,,三房,,
C0298,2026-04-14,云栖澜庭,杭州,余杭,顾问03,自然到访,A,2026-04-14,2026-04-17,2026-04-30,三房,2888000,1412000
C0481,2026-04-14,云栖澜庭,杭州,余杭,顾问02,渠道中介,B,,,,三房,,
C0155,2026-04-16,钱塘云筑,杭州,钱塘,顾问09,搜索广告,B,2026-04-23,,,改善四房,,
C0211,2026-04-18,钱塘云筑,杭州,钱塘,顾问07,自然到访,B,,,,三房,,
C0422,2026-04-20,湘湖映月,杭州,萧山,顾问12,短视频平台,B,2026-04-25,,,四房,,
C0088,2026-04-24,钱塘云筑,杭州,钱塘,顾问08,老带新,C,2026-05-01,2026-05-05,2026-05-13,三房,2174000,690000
C0339,2026-04-25,钱塘云筑,杭州,钱塘,顾问08,自然到访,C,,,,两房,,
C0369,2026-04-26,湘湖映月,杭州,萧山,顾问11,房产平台,C,2026-04-27,,,两房,,
C0470,2026-04-26,云栖澜庭,杭州,余杭,顾问02,搜索广告,A,2026-05-01,2026-05-12,2026-05-19,三房,2549000,1959000
C0302,2026-04-27,钱塘云筑,杭州,钱塘,顾问07,短视频平台,B,2026-05-02,,,三房,,
C0355,2026-04-27,钱塘云筑,杭州,钱塘,顾问07,房产平台,C,,,,三房,,
C0213,2026-04-28,云栖澜庭,杭州,余杭,顾问01,搜索广告,B,2026-05-04,2026-05-19,2026-06-05,三房,3071000,
C0005,2026-04-29,滨江悦府,杭州,滨江,顾问05,短视频平台,B,2026-05-03,2026-05-11,2026-05-18,四房,4985000,4985000
C0133,2026-04-29,云栖澜庭,杭州,余杭,顾问02,搜索广告,C,2026-04-29,2026-05-09,,三房,,
C0139,2026-04-29,云栖澜庭,杭州,余杭,顾问01,短视频平台,A,2026-05-06,2026-05-13,2026-05-27,三房,1982000,
C0067,2026-04-30,湘湖映月,杭州,萧山,顾问11,房产平台,A,2026-05-01,2026-05-06,2026-05-23,四房,3098000,1819000
C0109,2026-05-01,湘湖映月,杭州,萧山,顾问12,短视频平台,B,,,,三房,,
C0178,2026-05-01,云栖澜庭,杭州,余杭,顾问02,短视频平台,C,,,,三房,,
C0286,2026-05-01,滨江悦府,杭州,滨江,顾问06,自然到访,B,2026-05-06,2026-05-09,,两房,,
C0383,2026-05-03,钱塘云筑,杭州,钱塘,顾问07,短视频平台,B,,,,三房,,
C0120,2026-05-05,云栖澜庭,杭州,余杭,顾问02,自然到访,A,2026-05-11,,,四房,,
C0015,2026-05-06,滨江悦府,杭州,滨江,顾问05,搜索广告,C,,,,四房,,
C0024,2026-05-07,钱塘云筑,杭州,钱塘,顾问09,渠道中介,C,2026-05-13,2026-05-28,,三房,,
C0252,2026-05-07,云栖澜庭,杭州,余杭,顾问01,搜索广告,B,,,,四房,,
C0509,2026-05-07,湘湖映月,杭州,萧山,顾问11,房产平台,C,2026-05-08,2026-05-20,2026-06-05,三房,2317000,2017000
C0225,2026-05-08,钱塘云筑,杭州,钱塘,顾问08,房产平台,B,2026-05-14,2026-05-18,,四房,,
C0495,2026-05-08,滨江悦府,杭州,滨江,顾问06,搜索广告,C,,,,改善四房,,
C0512,2026-05-08,云栖澜庭,杭州,余杭,顾问02,短视频平台,B,,,,两房,,
C0205,2026-05-09,滨江悦府,杭州,滨江,顾问06,渠道中介,A,2026-05-16,,,改善四房,,
C0280,2026-05-09,云栖澜庭,杭州,余杭,顾问01,老带新,C,,,,两房,,
C0016,2026-05-12,钱塘云筑,杭州,钱塘,顾问08,短视频平台,B,2026-05-16,2026-05-25,2026-06-13,两房,2490000,493000
C0431,2026-05-12,滨江悦府,杭州,滨江,顾问06,短视频平台,A,,,,四房,,
C0112,2026-05-15,云栖澜庭,杭州,余杭,顾问01,自然到访,B,2026-05-21,,,三房,,
C0492,2026-05-15,钱塘云筑,杭州,钱塘,顾问08,搜索广告,A,,,,三房,,
C0503,2026-05-15,钱塘云筑,杭州,钱塘,顾问08,短视频平台,B,,,,四房,,
C0021,2026-05-17,滨江悦府,杭州,滨江,顾问06,渠道中介,C,2026-05-23,2026-06-04,,四房,,
C0436,2026-05-17,湘湖映月,杭州,萧山,顾问12,渠道中介,C,2026-05-24,2026-06-06,2026-06-15,三房,3622000,2416000
C0045,2026-05-18,钱塘云筑,杭州,钱塘,顾问09,渠道中介,C,,,,三房,,
C0202,2026-05-18,滨江悦府,杭州,滨江,顾问05,短视频平台,B,,,,四房,,
C0494,2026-05-18,滨江悦府,杭州,滨江,顾问06,渠道中介,B,2026-05-22,2026-06-02,,三房,,
C0081,2026-05-19,滨江悦府,杭州,滨江,顾问06,自然到访,C,2026-05-26,,,三房,,
C0415,2026-05-19,湘湖映月,杭州,萧山,顾问12,搜索广告,A,,,,三房,,
C0373,2026-05-21,云栖澜庭,杭州,余杭,顾问03,自然到访,B,2026-05-25,2026-06-07,2026-06-21,三房,1905000,442000
C0193,2026-05-23,云栖澜庭,杭州,余杭,顾问03,自然到访,B,2026-05-23,2026-06-07,2026-06-17,三房,1882000,730000
C0262,2026-05-23,钱塘云筑,杭州,钱塘,顾问07,房产平台,C,,,,两房,,
C0164,2026-05-25,钱塘云筑,杭州,钱塘,顾问08,房产平台,C,2026-06-01,2026-06-05,,三房,,
C0233,2026-05-27,钱塘云筑,杭州,钱塘,顾问08,渠道中介,B,,,,四房,,
C0486,2026-05-28,钱塘云筑,杭州,钱塘,顾问07,房产平台,B,2026-06-01,2026-06-08,2026-06-23,四房,2479000,1996000
C0127,2026-05-30,钱塘云筑,杭州,钱塘,顾问08,短视频平台,C,,,,三房,,
C0248,2026-06-05,滨江悦府,杭州,滨江,顾问05,渠道中介,B,2026-06-12,,,改善四房,,
C0096,2026-06-06,云栖澜庭,杭州,余杭,顾问01,短视频平台,C,,,,两房,,
C0196,2026-06-06,滨江悦府,杭州,滨江,顾问06,房产平台,B,,,,四房,,
C0459,2026-06-06,钱塘云筑,杭州,钱塘,顾问07,房产平台,A,2026-06-13,,,两房,,
C0374,2026-06-08,湘湖映月,杭州,萧山,顾问12,房产平台,B,2026-06-11,,,四房,,
C0063,2026-06-09,湘湖映月,杭州,萧山,顾问12,房产平台,B,2026-06-12,2026-06-22,,改善四房,,
C0012,2026-06-12,钱塘云筑,杭州,钱塘,顾问08,短视频平台,C,,,,三房,,
C0308,2026-06-12,钱塘云筑,杭州,钱塘,顾问07,房产平台,A,2026-06-15,2026-06-30,,三房,,
C0407,2026-06-12,滨江悦府,杭州,滨江,顾问04,渠道中介,A,2026-06-19,,,两房,,
C0469,2026-06-12,云栖澜庭,杭州,余杭,顾问02,房产平台,B,,,,两房,,
C0393,2026-06-13,滨江悦府,杭州,滨江,顾问04,自然到访,B,2026-06-19,,,三房,,
C0499,2026-06-14,云栖澜庭,杭州,余杭,顾问02,短视频平台,B,,,,三房,,
C0278,2026-06-15,钱塘云筑,杭州,钱塘,顾问07,老带新,C,2026-06-22,2026-06-30,,三房,,
C0215,2026-06-18,滨江悦府,杭州,滨江,顾问05,自然到访,B,2026-06-25,,,两房,,
C0375,2026-06-22,云栖澜庭,杭州,余杭,顾问03,房产平台,C,2026-06-27,2026-06-30,,四房,,
C0162,2026-06-23,滨江悦府,杭州,滨江,顾问05,短视频平台,B,,,,三房,,
C0313,2026-06-23,湘湖映月,杭州,萧山,顾问10,短视频平台,A,,,,三房,,
C0395,2026-06-23,云栖澜庭,杭州,余杭,顾问03,短视频平台,B,,,,三房,,
C0312,2026-06-24,云栖澜庭,杭州,余杭,顾问02,老带新,B,2026-06-29,2026-06-30,2026-06-30,三房,2735000,2479000
C0118,2026-06-25,云栖澜庭,杭州,余杭,顾问02,渠道中介,A,2026-06-27,2026-06-30,2026-06-30,两房,2685000,2685000
C0156,2026-06-25,云栖澜庭,杭州,余杭,顾问02,渠道中介,A,,,,三房,,
C0226,2026-06-25,云栖澜庭,杭州,余杭,顾问03,房产平台,C,2026-06-29,2026-06-30,2026-06-30,改善四房,1877000,899000
C0048,2026-06-26,湘湖映月,杭州,萧山,顾问11,短视频平台,B,,,,三房,,
C0291,2026-06-26,湘湖映月,杭州,萧山,顾问12,自然到访,C,2026-06-30,2026-06-30,2026-06-30,三房,2230000,2230000
C0306,2026-06-26,钱塘云筑,杭州,钱塘,顾问07,短视频平台,B,2026-06-30,,,三房,,
C0513,2026-06-26,云栖澜庭,杭州,余杭,顾问03,搜索广告,A,,,,两房,,
C0169,2026-06-27,滨江悦府,杭州,滨江,顾问04,搜索广告,A,2026-06-29,2026-06-30,2026-06-30,四房,4144000,998000
C0488,2026-06-27,湘湖映月,杭州,萧山,顾问12,自然到访,B,2026-06-30,2026-06-30,2026-06-30,四房,3616000,3616000
C0410,2026-06-29,滨江悦府,杭州,滨江,顾问05,搜索广告,A,2026-06-30,,,四房,,
C0507,2026-06-30,湘湖映月,杭州,萧山,顾问12,搜索广告,B,,,,三房,,
